,20H.Beta.V2,20I.Alpha.V1,20J.Gamma.V3,21A.Delta,21K.Omicron
S:L18F,0.46113961652714014,0.006744376056309228,0.0,0.0,0.0
S:A27S,0.09152038887388604,0.0,0.0,0.0,0.0
S:T19I,0.026519038617337294,0.0,0.0,0.0,0.0
S:P384L,0.019308668647042938,0.0,0.0,0.0,0.0
S:T240-,0.018768566027545234,0.0,0.0,0.0,0.0
S:A899S,0.018147448015122872,0.0,0.0,0.0,0.0
S:L5F,0.018066432622198217,0.032831046534061055,0.009649151596704847,0.0,0.0
S:A67V,0.013934647583040779,0.0,0.0,0.0,0.0
S:S689R,0.010045908722657305,0.0,0.0,0.0,0.0
S:Y144-,0.008911693221712126,0.0,0.008188650759788637,0.11554939110678586,0.0
S:K1191N,0.0,0.03363830905174215,0.0,0.0,0.0
S:S98F,0.0,0.018545700571396057,0.0,0.0,0.0
S:W152R,0.0,0.015367326671935803,0.0,0.0,0.0
S:D138H,0.0,0.011491044098048612,0.0,0.0,0.0
S:I68-,0.0,0.0055281479459703105,0.0,0.0,0.0
S:T572I,0.0,0.005372563209633096,0.0,0.0,0.0
S:P681H,0.0,0.0,0.0556139026551577,0.0,0.0
S:A688V,0.0,0.0,0.025132101480192983,0.0,0.0
S:N679K,0.0,0.0,0.019372148741343662,0.0,0.0
S:S1252F,0.0,0.0,0.013300403688995372,0.0,0.0
S:Q675H,0.0,0.0,0.011281958712133644,0.0,0.0
S:A845S,0.0,0.0,0.00923889855262726,0.0,0.0
S:E661D,0.0,0.0,0.00772916735042174,0.0,0.0
S:D427N,0.0,0.0,0.00758968131543536,0.0,0.0
S:T95I,0.0,0.0,0.0,0.3899863601271634,0.0
S:V127F,0.0,0.0,0.0,0.13018055731058614,0.0
S:H69-,0.0,0.0,0.0,0.121609236501672,0.0
S:V70-,0.0,0.0,0.0,0.12143833854799388,0.0
S:L216F,0.0,0.0,0.0,0.11586412461998112,0.0
S:F157S,0.0,0.0,0.0,0.11563761024995636,0.0
S:A264D,0.0,0.0,0.0,0.1149570016912931,0.0
S:V213G,0.0,0.0,0.0,0.11464290744725124,0.2161531176956805
S:N501Y,0.0,0.0,0.0,0.11302811356573893,0.0
S:R346K,0.0,0.0,0.0,0.0,0.4301949962503353
S:N460K,0.0,0.0,0.0,0.0,0.23794188567080682
S:N450D,0.0,0.0,0.0,0.0,0.2365039439904096
S:L452W,0.0,0.0,0.0,0.0,0.236099212844107
S:R408S,0.0,0.0,0.0,0.0,0.23127288800818904
S:V445H,0.0,0.0,0.0,0.0,0.23015004132842137
S:L455S,0.0,0.0,0.0,0.0,0.22737713689834302
S:S371F,0.0,0.0,0.0,0.0,0.21582125868307395
S:T376A,0.0,0.0,0.0,0.0,0.21354580064921203
